DATE,VALUE_DATE,DESCRIPTION,DEBIT,CREDIT,BALANCE
01-Oct-2025,01-Oct-2025,Opening Balance,,,"912,801.19"
17-Oct-2025,17-Oct-2025,SMS/SMS CHARGES SEP 27TH 2025 - OCT 3RD 2025 01102801534600009896184: TNF-AKINDUKO,6.00,,"912,795.19"
17-Oct-2025,17-Oct-2025,OLUBAYODE OLUBUNMI/App To United Bank 000003251017725480043: TNF-AKINDUKO,,1,000,000.00,"1,912,795.19"
17-Oct-2025,17-Oct-2025,OLUBAYODE OLUBUNMI/App To United Bank 000003251017727230043:,,250,000.00,"2,162,795.19"
19-Oct-2025,19-Oct-2025,FOR : FAMOUTIY FOR: 2 TRANSACTIONS ON 17-OCT-25,100.00,,"2,162,695.19"
26-Oct-2025,26-Oct-2025,TNF-AKINDUKO OLUBAYODE OLUBUNMI/App To United Bank 000003261026311140044:,,250,000.00,"2,412,695.19"
28-Oct-2025,27-Oct-2025,TNF-AKINDUKO YEJIDE AKINWUMI/Trf via Ibank ENG 0000132510272246050005:,190,000.00,"2,602,695.19"
31-Oct-2025,31-Oct-2025,SMS/SMS CHARGES OCT 18TH 2025 - OCT 24ND 2025 24102511361190010156770:,18.00,,"2,602,677.19"
31-Oct-2025,31-Oct-2025,SMS/SMS CHARGES OCT 25TH 2025 - OCT 27TH 2025 2510251150150910222049:,12.00,,"2,602,665.19"
02-Nov-2025,02-Nov-2025,FGN STAMPDUTY FOR: 1 TRANSACTIONS ON 26-OCT-25,50.00,,"2,602,615.19"
02-Nov-2025,02-Nov-2025,FGN STAMPDUTY FOR: 1 TRANSACTIONS ON 28-OCT-25,50.00,,"2,602,565.19"
05-Nov-2025,05-Nov-2025,TNF-GODWIN SUNDAY/ALAT NIP TRANSFER TO ENSHET HEIG 000017251105164854649:,100,000.00,"2,702,565.19"
06-Nov-2025,06-Nov-2025,SMS/SMS CHARGES OCT 28TH 2025 - NOV 4TH 2025 05112505543550010422509:,12.00,,"2,702,553.19"
06-Nov-2025,06-Nov-2025,TNF-GODWIN SUNDAY/ALAT NIP TRANSFER TO ENSHET HEIG 0000172511060715063149:,,150,000.00,"2,852,553.19"
07-Nov-2025,07-Nov-2025,TNF-GODWIN SUNDAY/ALAT NIP TRANSFER TO ENSHET HEIG 0000172511062006337537,,200,000.00,"3,052,553.19"
07-Nov-2025,07-Nov-2025,CIB/UT/U/Diesel Purchase/DAMILOLA OLUMIDE AJA,393,000.00,,"2,659,553.19"
09-Nov-2025,09-Nov-2025,FGN STAMPDUTY FOR: 1 TRANSACTIONS ON 07-NOV-25,50.00,,"2,659,503.19"
09-Nov-2025,09-Nov-2025,FGN STAMPDUTY FOR: 1 TRANSACTIONS ON 06-NOV-25,50.00,,"2,659,453.19"
09-Nov-2025,09-Nov-2025,FGN STAMPDUTY FOR: 1 TRANSACTIONS ON 05-NOV-25,50.00,,"2,659,403.19"
09-Nov-2025,08-Nov-2025,TNF-DONALD/ Balance 0000152511081522450000:,200,000.00,"2,859,403.19"
10-Nov-2025,09-Nov-2025,TNF-STRIDE DELIVERY SERVICES LIMITED/WebApp/Advance 0000032511091255800044:,300,000.00,"3,159,403.19"
11-Nov-2025,11-Nov-2025,CIB/U/Diesel/first DARBUT COMPANY 0000042511111008182003:,99,053.75,,"3,060,349.44"
11-Nov-2025,11-Nov-2025,TNF-STRIDE DELIVERY SERVICES LIMITED/WebApp/Advance 0000032511111500390044:,170,000.00,"3,230,349.44"
11-Nov-2025,11-Nov-2025,TNF-GODWIN SUNDAY/ALAT NIP TRANSFER TO ENSHET HEIG 00001725111111734527527,,200,000.00,"3,430,349.44"
12-Nov-2025,11-Nov-2025,CIB/U/UTO/Truck Repair/FIRST DARBUT COMPANY 000004251112059392003:,28,526.88,,"3,401,822.56"
12-Nov-2025,12-Nov-2025,CIB/U/Refund/GODWIN SUNDAY 0000042511121526072003:,200,053.75,,"3,201,768.81"
14-Nov-2025,14-Nov-2025,TNF-FEMI FELIX AJIMISHAH/FEMI FELIX A Trf for Cus 0900552511141105278045:,,270,000.00,"3,471,768.81"
14-Nov-2025,14-Nov-2025,CIB/U/Diesel/FIRST DARBUT COMPANY 00000425111411133452003:,163,053.75,,"3,308,715.06"
14-Nov-2025,14-Nov-2025,CIB/U/UTO/Diesel Balance/FIRST DARBUT COMPANY 0000042511141142202003:,22,026.88,,"3,286,688.18"
16-Nov-2025,16-Nov-2025,FGN STAMPDUTY FOR: 2 TRANSACTIONS ON 11-NOV-25,100.00,,"3,286,588.18"
16-Nov-2025,16-Nov-2025,FGN STAMPDUTY FOR: 1 TRANSACTIONS ON 09-NOV-25,50.00,,"3,286,538.18"
16-Nov-2025,16-Nov-2025,FGN STAMPDUTY FOR: 1 TRANSACTIONS ON 14-NOV-25,50.00,,"3,286,488.18"
16-Nov-2025,16-Nov-2025,FGN STAMPDUTY FOR: 1 TRANSACTIONS ON 10-NOV-25,50.00,,"3,286,438.18"
16-Nov-2025,16-Nov-2025,SMS/SMS CHARGES NOV 5TH 2025 - NOV 11TH 2025 12112506190400010555730:,84.00,,"3,286,354.18"
16-Nov-2025,16-Nov-2025,TNF-FEMI FELIX AJIMISHAH/FEMI FELIX A Trf for Cus 0900552511161221217444:,,200,000.00,"3,486,354.18"
17-Nov-2025,17-Nov-2025,TNF-AJIDAGBA FELIX OLAFISOYE/FIP:MB:/AJID/ FELI 0000162511171418040009:,150,000.00,"3,636,354.18"
17-Nov-2025,17-Nov-2025,CIB/UTO/Diesel/FIRST DARBUT COMPANY 0000042511171821242003:,76,053.75,,"3,560,300.43"
17-Nov-2025,17-Nov-2025,CIB/UTO/Diesel Balance/FIRST DARBUT COMPANY 000004251117181362003:,20,626.88,,"3,539,673.55"
17-Nov-2025,17-Nov-2025,REV/VB/UTO/ Diesel Balance/FIRST DARBUT COMPANY 0000042511171831362003:,,20,626.88,"3,560,300.43"
18-Nov-2025,17-Nov-2025,CIB/UTO/Diesel Balance/FIRST DARBUT COMPANY 0000042511172046502003:,20,626.88,,"3,539,673.55"
18-Nov-2025,18-Nov-2025,TNF-AJIDAGBA FELIX OLAFISOYE/FIP:MB:/AJID/ FELI 0000162511180958060009:,,100,000.00,"3,639,673.55"
20-Nov-2025,20-Nov-2025,TNF-FELIX/ Truck 0000152511200711230000:,,250,000.00,"3,889,673.55"
20-Nov-2025,20-Nov-2025,TNF-SEGUN BABATUNDE BANK TRANSFER/ALAT NIP TRANSFER TO EN 0000172511201038432026:,,365,000.00,"4,254,673.55"
21-Nov-2025,20-Nov-2025,CIB/UTO/Diesel/FIRST DARBUT COMPANY 0000042511201561562003:,97,053.75,,"4,157,619.80"
21-Nov-2025,21-Nov-2025,CIB/UTO/Refund Cancelled/SEGUN BABATUNDE GBANI 0000042511211022042003:,365,053.75,,"3,792,566.05"
23-Nov-2025,23-Nov-2025,FGN STAMPDUTY FOR: 1 TRANSACTIONS ON 17-NOV-25,50.00,,"3,792,516.05"
23-Nov-2025,23-Nov-2025,FGN STAMPDUTY FOR: 1 TRANSACTIONS ON 18-NOV-25,50.00,,"3,792,466.05"
23-Nov-2025,23-Nov-2025,FGN STAMPDUTY FOR: 2 TRANSACTIONS ON 20-NOV-25,100.00,,"3,792,366.05"
23-Nov-2025,23-Nov-2025,FGN STAMPDUTY FOR: 1 TRANSACTIONS ON 16-NOV-25,50.00,,"3,792,316.05"
23-Nov-2025,23-Nov-2025,SMS/SMS CHARGES NOV 12TH 2025 - NOV 18TH 2025 1911250210290010634012:,90.00,,"3,792,226.05"
23-Nov-2025,22-Nov-2025,TNF-OLUWATOBA SUNDAY/FIP:MB:/OLUWAT SUNDAY/ENSH 0000162511221211110010:,,300,000.00,"4,092,226.05"
23-Nov-2025,23-Nov-2025,CIB/U/Refund/MUSTAPHA MUHAMMAD DAN 0000042511231123020003:,300,053.75,,"3,792,172.30"
25-Nov-2025,23-Nov-2025,SMS/SMS CHARGES NOV 19TH 2025 - NOV 25TH 2025 2211250319490010690652:,42.00,,"3,792,130.30"
25-Nov-2025,25-Nov-2025,TNF-MR PAO VENTURES/MR PAO VENTU 0000402511251556531332:,,216,000.00,"4,008,130.30"
25-Nov-2025,25-Nov-2025,TNF-MR & MRS AJIDAGBA/Musa . To United Bank for Afri 0000032511251947230041:,,150,000.00,"4,158,130.30"
26-Nov-2025,26-Nov-2025,SMS/SMS CHARGES 22ND 2025 - NOV 24TH 2025 2411250820540010744494:,12.00,,"4,158,118.30"
27-Nov-2025,27-Nov-2025,TNF-AJIDAGBA FELIX OLAFISOYE/FIP:MB:/AJID/ FELI 0000162511271002550010:,,110,000.00,"4,268,118.30"
27-Nov-2025,27-Nov-2025,TRANSFER FROM MUSTAPHA JAMIU LAWAL 1000042511271256471462:,,5,400.00,"4,273,518.30"
27-Nov-2025,27-Nov-2025,TRANSFER FROM MUSTAPHA JAMIU LAWAL 1000042511271257581462:,,48,600.00,"4,322,118.30"
28-Nov-2025,28-Nov-2025,ACCT MAINT CHARGES BETWEEN 11-10-25 AND 27-11-25,1,428.15,,"4,320,690.15"
28-Nov-2025,28-Nov-2025,VAT ACCT MAINT,107.12,,"4,320,583.03"
30-Nov-2025,28-Nov-2025,TNF-JOHNSON SHINA OWONIYI/ALAT NIP TRANSFER TO ENS 0000172511281554174477:,,300,000.00,"4,620,583.03"
30-Nov-2025,30-Nov-2025,FGN STAMPDUTY FOR: 2 TRANSACTIONS ON 27-NOV-25,100.00,,"4,620,483.03"
30-Nov-2025,30-Nov-2025,FGN STAMPDUTY FOR: 1 TRANSACTIONS ON 28-NOV-25,50.00,,"4,620,433.03"
30-Nov-2025,30-Nov-2025,FGN STAMPDUTY FOR: 1 TRANSACTIONS ON 23-NOV-25,50.00,,"4,620,383.03"
30-Nov-2025,29-Nov-2025,Transfer from MUSTAPHA JAMIU LAWAL 1000042511290613131463:,,150,000.00,"4,770,383.03"
02-Dec-2025,02-Dec-2025,TNF-JOHNSON SHINA OWONIYI/ALAT NIP TRANSFER TO ENS 0000172511202093903552:,,250,000.00,"5,020,383.03"
04-Dec-2025,04-Dec-2025,MOBILE TRF TO UBA ENSHET HEIGHTS GLOBAL LTD,,10,000,000.00,"15,020,383.03"
07-Dec-2025,07-Dec-2025,00001425120422001402444:,50.00,,"15,020,333.03"
07-Dec-2025,07-Dec-2025,FGN STAMPDUTY FOR: 1 TRANSACTIONS ON 02-DEC-25,50.00,,"15,020,283.03"
07-Dec-2025,07-Dec-2025,FGN STAMPDUTY FOR: 1 TRANSACTIONS ON 04-DEC-25,50.00,,"15,020,233.03"
07-Dec-2025,07-Dec-2025,FGN STAMPDUTY FOR: 1 TRANSACTIONS ON 30-NOV-25,50.00,,"15,020,233.03"
07-Dec-2025,06-Dec-2025,SMS/SMS CHARGES NOV 26TH 2025 - DEC 1ST 2025 0412250724430010883016:,72.00,,"15,020,161.03"
09-Dec-2025,09-Dec-2025,CIB/U/UTO/COPRA Purchase/ADEBOYE SUNDAY ISAAC,12,500,000.00,,"2,520,161.03"
09-Dec-2025,09-Dec-2025,CIB/UTO/Facilitation Fee/OWOLABI DAMILOLA OSO 0000042512091013072003:,2,500,053.75,,"20,107.28"
14-Dec-2025,13-Dec-2025,SMS/SMS CHARGES DEC 2ND 2025 - DEC 9TH 2025 1112250802180010963806:,42.00,,"20,065.28"
14-Dec-2025,13-Dec-2025,TNF-OSANIYILUSI SUNDAY EMMANUEL/OSANIYILUSI S/Trf,150,000.00,"170,065.28"
18-Dec-2025,18-Dec-2025,TNF-AYODELE OLADIPO LAWRENCE/App:sales of gari.,27,500.00,"197,565.28"
19-Dec-2025,19-Dec-2025,SMS/SMS CHARGES DEC 10TH 2025 - DEC 16TH 2025 1712250235390011038551:,6.00,,"197,559.28"
21-Dec-2025,21-Dec-2025,FGN STAMPDUTY FOR: 1 TRANSACTIONS ON 14-DEC-25,50.00,,"197,509.28"
21-Dec-2025,21-Dec-2025,FGN STAMPDUTY FOR: 1 TRANSACTIONS ON 18-DEC-25,50.00,,"197,459.28"
26-Dec-2025,26-Dec-2025,TNF-AYODELE YETUNDE ADEGBENRO/Ayodele YETUND 000002251220164598046:,80,000.00,"277,459.28"
28-Dec-2025,28-Dec-2025,FGN STAMPDUTY FOR: 1 TRANSACTIONS ON 26-DEC-25,50.00,,"277,409.28"
28-Dec-2025,27-Dec-2025,SMS/SMS CHARGES DEC 17TH 2025 - DEC 23RD 2025 23122502130011116759:,18.00,,"277,391.28"
28-Dec-2025,28-Dec-2025,SMS/SMS CHARGES DEC 24TH 2025 - DEC 27TH 2025 2712250522140011179987:,12.00,,"277,379.28"
31-Dec-2025,31-Dec-2025,ACCT MAINT CHARGES BETWEEN 11-11-25 AND 30-12-20,12,000.05,,"265,379.23"
31-Dec-2025,31-Dec-2025,VAT ACCT MAINT,900.01,,"264,479.22"
